team,player,minutes_played,on_gf_per_min,on_ga_per_min,on_net_per_min,off_gf_per_min,off_ga_per_min,off_net_per_min,on_off_gf_per_min,on_off_ga_per_min,on_off_net_per_min,synergy_residual_net_per_min,avg_lineup_net_per_min_when_on,rating,rapm,o_rapm_ctx,d_rapm_ctx,net_rapm_ctx,defense_value_ctx
Argentina,Argentina_p10,1516.094214877,1.1509838787568825,1.6456760902569754,-0.4946922115000929,1.1153218961608482,1.7216378262885577,-0.6063159301277095,0.03566198259603426,-0.0759617360315823,0.11162371862761655,8.369357795630071e-05,-0.4946922115000928,3.0,0.2537746987237232,0.4433567088850224,0.199349796524835,0.24400691236018737,-0.199349796524835
Argentina,Argentina_p4,1094.065616018,1.0931702655577498,1.717447265035963,-0.6242769994782131,1.1475990522963277,1.6760552250850822,-0.5284561727887545,-0.05442878673857798,0.0413920399508807,-0.09582082668945868,0.000107181720962828,-0.6242769994782132,3.5,0.23452767114216377,0.4360707564786273,0.18228936406375743,0.25378139241486986,-0.18228936406375743
Argentina,Argentina_p7,1204.896976259,1.2100619627470905,1.6374843981481546,-0.42742243540106406,1.0893683668193557,1.7156903858074863,-0.6263220189881307,0.12069359592773488,-0.07820598765933173,0.1988995835870666,1.7775337903539823e-05,-0.42742243540106417,2.0,0.0428349017837364,0.4228735572364998,0.3191788922758868,0.10369466496061297,-0.3191788922758868
Argentina,Argentina_p12,1299.218187353,1.1083588684467431,1.684089725112135,-0.5757308566653918,1.1437413551957032,1.6917465635709672,-0.548005208375264,-0.03538248674896005,-0.007656838458832249,-0.027725648290127802,-3.599421748856744e-05,-0.5757308566653916,2.0,-0.09352868400112607,0.27161332903950236,0.38716667379743414,-0.11555334475793178,-0.38716667379743414
Argentina,Argentina_p3,1276.968506837,1.1433328168886183,1.6954216086053826,-0.5520887917167643,1.1234795443899213,1.685219316584882,-0.5617397721949609,0.01985327249869706,0.010202292020500492,0.009650980478196569,-4.298187639598133e-05,-0.5520887917167643,2.0,-0.10977300504495931,0.3124362370307554,0.41386969586549627,-0.10143345883474086,-0.41386969586549627
Argentina,Argentina_p9,1340.283266475,1.0803686326759114,1.6996407080357228,-0.6192720753598113,1.161618829202637,1.6823286914241984,-0.5207098622215613,-0.0812501965267256,0.017312016611524372,-0.09856221313824998,-6.319899569868296e-05,-0.6192720753598112,2.0,-0.16940911278571905,0.23125779549314854,0.41395968588440923,-0.1827018903912607,-0.41395968588440923
Argentina,Argentina_p8,1076.439266017,1.2736436167670868,1.6461681173678175,-0.3725245006007307,1.0677041760033492,1.7077537472065834,-0.6400495712032341,0.2059394407637376,-0.06158562983876581,0.2675250706025034,-8.004542180543682e-05,-0.3725245006007307,1.0,-0.1723280701925062,0.34868430130707434,0.5081308166353415,-0.1594465153282672,-0.5081308166353415
Argentina,Argentina_p6,1346.785604465,1.1352957701143407,1.7226201351636823,-0.5873243650493416,1.1278224573823479,1.668036070179931,-0.5402136127975832,0.007473312731992809,0.054584064983751235,-0.047110752251758425,-6.77593002637543e-05,-0.5873243650493417,2.0,-0.1825145003275097,0.3042505588119803,0.4527551909382645,-0.14850463212628418,-0.4527551909382645
Argentina,Argentina_p1,1078.346475799,1.1471266682477408,1.7118802179347854,-0.5647535496870446,1.1234190161720936,1.6787803672218053,-0.5553613510497117,0.02370765207564718,0.03309985071298005,-0.009392198637332871,-0.00011523167290293205,-0.5647535496870446,1.5,-0.2485193367500741,0.25981072556714024,0.5220640501465617,-0.2622533245794214,-0.5220640501465617
Argentina,Argentina_p11,1217.115180069,1.0845317038319802,1.665413457323806,-0.5808817534918258,1.1550729662938417,1.7013443165185231,-0.5462713502246814,-0.07054126246186154,-0.03593085919471717,-0.034610403267144374,-0.00018272140257700087,-0.5808817534918258,1.0,-0.4447859855989533,0.09345938288901078,0.5450734226232941,-0.45161403973428327,-0.5450734226232941
Argentina,Argentina_p2,1033.778072186,1.0998492138605047,1.7131336479744534,-0.6132844341139487,1.1435021017977054,1.6788525405921992,-0.5353504387944938,-0.04365288793720068,0.034281107382254206,-0.07793399531945489,-0.00025362356642494484,-0.613284434113949,1.0,-0.5243809631200416,0.11867033150660505,0.6009706685637078,-0.4823003370571028,-0.6009706685637078
Argentina,Argentina_p5,596.008633677,0.9714624374280161,1.7885646948156566,-0.8171022573876405,1.1631361293202267,1.6686095780515688,-0.5054734487313421,-0.19167369189221062,0.11995511676408777,-0.3116288086562984,-0.0007134685829347448,-0.8171022573876404,0.0,-0.8504668705730968,-0.07226858186509283,0.7830347395092748,-0.8553033213743677,-0.7830347395092748
Brazil,Brazil_p1,1334.113285062,1.7427305657120047,1.3079848762010529,0.4347456895109518,1.4734245635463292,1.637442140193416,-0.16401757664708683,0.26930600216567546,-0.3294572639923632,0.5987632661580387,0.00022165140670100556,0.43474568951095166,2.0,0.5914161726644912,0.65644793235088,0.07106092321502276,0.5853870091358572,-0.07106092321502276
Brazil,Brazil_p8,798.131246093,1.627551867388785,1.4659243147381666,0.16162755265061834,1.5599431477239403,1.526620418511997,0.03332272921194335,0.06760871966484472,-0.06069610377383028,0.128304823438675,0.0002928210626204693,0.16162755265061837,3.5,0.46741927918322707,0.6381146649839926,0.3002065894926463,0.3379080754913463,-0.3002065894926463
Brazil,Brazil_p12,980.733347866,1.6212357859144049,1.4326014334652446,0.18863435244916027,1.5575293098416085,1.5437944834761623,0.013734826365446207,0.06370647607279634,-0.11119305001091773,0.17489952608371406,0.00022331466733549522,0.18863435244916033,3.0,0.43802428264659515,0.607486658684414,0.24635237602311116,0.3611342826613028,-0.24635237602311116
Brazil,Brazil_p5,1296.079345882,1.733690153414863,1.4296964193492394,0.3039937340656236,1.4832591538275393,1.5611840006771747,-0.07792484684963541,0.25043099958732373,-0.13148758132793525,0.381918580915259,0.00014052375774705543,0.3039937340656235,1.5,0.364259880042334,0.6060667752375323,0.2467733140474791,0.3592934611900532,-0.2467733140474791
Brazil,Brazil_p11,947.712634863,1.501510001716614,1.531054822551516,-0.02954482083490184,1.602301260933368,1.506225169852257,0.09607609108111093,-0.10079125921675391,0.024829652699258853,-0.12562091191601277,0.00013331534871714314,-0.029544820834901755,3.5,0.25268928080081043,0.5307493161285823,0.3584259410932383,0.17232337503534406,-0.3584259410932383
Brazil,Brazil_p7,1217.909002374,1.5551243946043052,1.4721953746174863,0.0829290199868189,1.585831109097499,1.5343402763600904,0.05149083273740862,-0.030706714493193843,-0.06214490174260412,0.03143818724941028,3.279376839936615e-05,0.0829290199868188,2.0,0.0798796515109962,0.3751488299242692,0.3035587319333102,0.071590097990959,-0.3035587319333102
Brazil,Brazil_p9,874.802954001,1.51234057218157,1.7009544757416297,-0.1886139035600598,1.595962894456488,1.4509096096675957,0.14505328478889234,-0.08362232227491817,0.250044866074034,-0.33366718834895215,3.228738639378246e-05,-0.18861390356005975,3.5,0.05649020198847898,0.5587260925166395,0.5157547777258022,0.04297131479083727,-0.5157547777258022
Brazil,Brazil_p6,1254.358213091,1.589657546934993,1.5761047995438722,0.013552747391120779,1.5672797451044185,1.4780349237141808,0.0892448213902377,0.022377801830574473,0.0980698758296914,-0.07569207399911693,-2.8117059609419396e-05,0.013552747391120801,2.0,-0.07053772929838463,0.4209553472139462,0.46050879565968134,-0.03955344844573516,-0.46050879565968134
Brazil,Brazil_p10,1359.187375235,1.5634341803922311,1.5089898842279839,0.054444296164247286,1.5826251358282246,1.5153382197446716,0.06728691608355297,-0.019190955435993473,-0.006348335516687786,-0.012842619919305687,-8.271250122317716e-05,0.054444296164247105,1.0,-0.22484357487367546,0.27428533307354674,0.4074453112064361,-0.13315997813288938,-0.4074453112064361
Brazil,Brazil_p4,1520.669864425,1.5868006964893793,1.5466867957492831,0.04011390074009613,1.5664755232534904,1.4873052727139782,0.07917025053951221,0.020325173235888894,0.05938152303530497,-0.03905634979941608,-0.00014535604698934866,0.0401139007400962,0.5,-0.4420771205378138,0.16499383232001072,0.5112668489205144,-0.3462730166005037,-0.5112668489205144
Brazil,Brazil_p3,1146.304833391,1.3827037571770953,1.6505208256019333,-0.267817068424838,1.667859177154291,1.4466810728864723,0.2211781042678187,-0.28515541997719573,0.20383975271546095,-0.4889951726926567,-0.00020361566865492704,-0.267817068424838,2.0,-0.4668112502662445,0.13931002423954142,0.5530806482168223,-0.4137706239772809,-0.5530806482168223
Brazil,Brazil_p2,1385.997897741,1.4559906644079927,1.5721524567616534,-0.11616179235366064,1.652354888619762,1.4745669155714343,0.17778797304832783,-0.19636422421176936,0.09758554119021912,-0.29394976540198847,-0.00022147545001715194,-0.11616179235366048,0.5,-0.6139290162494027,0.02257290808085142,0.5328591616699023,-0.5102862535890509,-0.5328591616699023
Canada,Canada_p11,1284.482287268,1.6862824979914077,1.3655307024362555,0.3207517955551522,1.566349433703161,1.6493289252066607,-0.08297949150349981,0.1199330642882468,-0.28379822277040523,0.403731287058652,0.00018617989962115553,0.3207517955551524,2.0,0.47828956661697486,0.5454227672958832,0.14376267394866188,0.40166009334722136,-0.14376267394866188
Canada,Canada_p9,1158.982881409,1.78173468575268,1.4383301313073693,0.3434045544453106,1.5259712198972826,1.5986365160828675,-0.07266529618558493,0.25576346585539733,-0.1603063847754982,0.4160698506308955,0.000196327932186627,0.3434045544453107,2.5,0.45508142509352406,0.6788881640838024,0.22692410535173244,0.4519640587320699,-0.22692410535173244
Canada,Canada_p7,1045.204615046,1.5958597732814166,1.516449484802785,0.07941028847863163,1.616013970473774,1.5583711673363956,0.05764280313737835,-0.020154197192357337,-0.041921682533610616,0.02176748534125328,7.354060192166772e-05,0.07941028847863164,3.0,0.15372995304417447,0.46589958976962675,0.3132630341948138,0.15263655557481293,-0.3132630341948138
Canada,Canada_p3,1255.327406423,1.5860404144869797,1.395651836354188,0.19038857813279164,1.6233075655199734,1.6290327414157302,-0.005725175895756829,-0.037267151032993606,-0.23338090506154208,0.19611375402854847,5.5518548126674616e-05,0.19038857813279164,2.0,0.13938791005678527,0.36806035978047247,0.17999999170951622,0.18806036807095625,-0.17999999170951622
Canada,Canada_p5,976.370327481,1.6592065063873267,1.6366740723499678,0.02253243403735894,1.5912114781613316,1.511199858357311,0.0800116198040206,0.06799502822599512,0.1254742139926568,-0.05747918576666167,6.827875489110385e-05,0.02253243403735876,3.5,0.13333070054614932,0.6016526274135356,0.4300371728805016,0.17161545453303406,-0.4300371728805016
Canada,Canada_p8,863.691636463,1.5757938858521114,1.682313384381424,-0.10651949852931253,1.6211495479203,1.5017043309975344,0.11944521692276555,-0.04535566206818853,0.18060905338388955,-0.22596471545207808,1.37991009166419e-05,-0.10651949852931246,3.5,0.0238363361048937,0.5035976910999523,0.44378892529120706,0.05980876580874528,-0.44378892529120706
Canada,Canada_p1,866.687012362,1.578424483680402,1.6511150849025258,-0.07269060122212379,1.6203433067123496,1.5116686221823266,0.10867468453002305,-0.041918823031947605,0.13944646272019923,-0.18136528575214683,-4.559683255750097e-06,-0.07269060122212377,3.0,-0.007903636516358226,0.4467608424211126,0.4546681095420596,-0.007907267120947026,-0.4546681095420596
Canada,Canada_p6,1330.632400992,1.5729362958843083,1.5428754015530268,0.03006089433128145,1.6325284210223907,1.5478045688153135,0.08472385220707723,-0.05959212513808243,-0.004929167262286649,-0.05466295787579578,-3.584503976113343e-05,0.03006089433128158,1.5,-0.09539314264191158,0.30408230838052336,0.3835801437718446,-0.07949783539132121,-0.3835801437718446
Canada,Canada_p10,1235.526568045,1.5620870080146314,1.5750369521225247,-0.012949944107893296,1.635906336086157,1.5302513231870776,0.10565501289907941,-0.07381932807152558,0.04478562893544713,-0.11860495700697271,-8.422621043104e-05,-0.01294994410789332,1.0,-0.20812744142657003,0.2937481910582751,0.47656855811251725,-0.18282036705424215,-0.47656855811251725
Canada,Canada_p2,1438.465553214,1.731706396746377,1.64758898445962,0.08411741228675695,1.5262023603391404,1.4759037891415228,0.0502985711976176,0.2055040364072367,0.17168519531809734,0.03381884108913935,-8.302586656239978e-05,0.08411741228675698,0.0,-0.23885969815095592,0.38118212720825007,0.5820213317063065,-0.20083920449805648,-0.5820213317063065
Canada,Canada_p4,1211.781634289,1.477163829975244,1.623229750592908,-0.146065920617664,1.679616780146518,1.505475909964103,0.17414087018241498,-0.20245295017127396,0.117753840628805,-0.32020679080007897,-0.0001325700996148997,-0.1460659206176638,2.0,-0.3212920239387983,0.21538599737631603,0.5100809033041622,-0.2946949059278462,-0.5100809033041622
Canada,Canada_p12,1436.847677076,1.5067707137932655,1.5506166976126539,-0.04384598381938831,1.681064593248993,1.54273097495487,0.13833361829412283,-0.17429387945572739,0.007885722657783756,-0.18217960211351114,-0.00012032297850831195,-0.043845983819388326,0.5,-0.34577158433745153,0.176002092963009,0.4851099056586919,-0.3091078126956829,-0.4851099056586919
Chile,Chile_p6,1598.805840855,1.6305919914614797,1.9089247249483836,-0.2783327334869039,1.5473654777155568,1.9703602461564915,-0.42299476844093475,0.08322651374592294,-0.06143552120810791,0.14466203495403085,4.5351917309711365e-05,-0.2783327334869039,3.0,0.14501782057734128,0.5872245234660433,0.3703549523430188,0.21686957112302446,-0.3703549523430188
Chile,Chile_p4,1563.663522042,1.5892165833444907,1.8917113293895387,-0.302494746045048,1.581668089075074,1.9829187171887313,-0.4012506281136572,0.007548494269416617,-0.09120738779919257,0.09875588206860919,4.143354170342749e-05,-0.30249474604504795,3.0,0.12957623550111688,0.5488144561720214,0.33401419549741773,0.21480026067460367,-0.33401419549741773
Chile,Chile_p2,1587.661005094,1.5960585993292506,1.9292531530171644,-0.33319455368791373,1.5759967874334606,1.9534349232313077,-0.37743813579784713,0.020061811895790038,-0.02418177021414336,0.0442435821099334,2.4856219475930205e-05,-0.3331945536879138,3.0,0.07892650079151962,0.5521906501738973,0.3820717328761079,0.17011891729778944,-0.3820717328761079
Chile,Chile_p5,1405.532676199,1.6015280456427439,1.9238257820604086,-0.3222977364176647,1.5741025760529526,1.9549489928724466,-0.38084641681949405,0.027425469589791307,-0.03112321081203806,0.05854868040182937,1.8939514819935942e-05,-0.32229773641766457,2.0,0.05324021390149973,0.4752815772931071,0.39613775399196827,0.07914382330113884,-0.39613775399196827
Chile,Chile_p12,1214.92917436,1.6922797175259694,1.8478443413646894,-0.15556462383872005,1.5288326377005472,1.9921805614468366,-0.4633479237462894,0.16344707982542217,-0.1443362200821472,0.30778329990756936,1.6228316741651375e-05,-0.15556462383871997,1.0,0.03943251092017139,0.42965323773395764,0.41935824798435284,0.0102949897496048,-0.41935824798435284
Chile,Chile_p3,1089.966415947,1.6404175154759466,1.9018934617346963,-0.2614759462587497,1.5603057663084055,1.9607092643990816,-0.4004034980906761,0.08011174916754116,-0.05881580266438524,0.1389275518319264,-6.822087564563052e-05,-0.26147594625874987,1.0,-0.148716926640359,0.3260470532909315,0.5230054592491056,-0.1969584059581741,-0.5230054592491056
Chile,Chile_p8,1279.232553183,1.5712545736884953,2.0082353232864403,-0.436980749597945,1.592806033745114,1.9053382502188978,-0.3125322164737838,-0.021551460056618676,0.10289707306754248,-0.12444853312416115,-7.509090629874374e-05,-0.4369807495979447,2.0,-0.1921174635703842,0.41135063340203537,0.5432651099792212,-0.1319144765771858,-0.5432651099792212
Chile,Chile_p1,1117.303167889,1.6172870998066649,1.95918177170824,-0.3418946719015752,1.5700893303074903,1.9348993380343624,-0.3648100077268721,0.047197769499174536,0.024282433673877613,0.022915335825296923,-9.342243156861429e-05,-0.341894671901575,1.0,-0.208762357487056,0.32501719607076507,0.5708774254771404,-0.2458602294063753,-0.5708774254771404
Chile,Chile_p9,568.122683784,1.5736037752365095,1.8710747349847983,-0.29747095974828874,1.5871906715784936,1.9562655888387295,-0.3690749172602359,-0.013586896341984067,-0.08519085385393121,0.07160395751194715,-0.00020120970842257816,-0.2974709597482887,0.5,-0.22862359910520463,0.24746271487582042,0.4882005463425664,-0.24073783146674596,-0.4882005463425664
Chile,Chile_p11,730.248997979,1.5775441023379924,1.897982748125397,-0.32043864578740466,1.5869501416734115,1.9541841668191346,-0.3672340251457231,-0.00940603933541917,-0.056201418693737626,0.046795379358318456,-0.000222168442011285,-0.3204386457874047,0.0,-0.3244765643227298,0.15594663078454873,0.5874725672865921,-0.4315259365020434,-0.5874725672865921
Chile,Chile_p7,1400.701791663,1.4399924466472571,2.098233912095334,-0.6582414654480768,1.6801775806254071,1.8404176064407696,-0.16024002581536245,-0.24018513397815,0.25781630565456437,-0.49800143963271437,-0.0001870407937601256,-0.6582414654480769,2.0,-0.5239767498681878,0.16994354938494968,0.7218688159340412,-0.5519252665490915,-0.7218688159340412
Chile,Chile_p10,583.832170965,1.3890978269654455,2.101631360895933,-0.7125335339304875,1.623763973322781,1.9111078484016037,-0.28734387507882264,-0.23466614635733563,0.1905235124943292,-0.4251896588516648,-0.0005799927645993915,-0.7125335339304875,0.5,-0.6772368698006842,0.0016513627288894585,0.7841925591340825,-0.782541196405193,-0.7841925591340825
Columbia,Columbia_p3,1356.197528227,1.5565579173114827,1.33535120239275,0.22120671491873267,1.3751248281215898,1.5019745783092766,-0.12684975018768685,0.18143308918989298,-0.16662337591652654,0.3480564651064195,0.00012346665598124486,0.22120671491873276,2.0,0.33489034731956574,0.5285459623491731,0.20062545870819667,0.32792050364097636,-0.20062545870819667
Columbia,Columbia_p2,1255.905263414,1.4181005939561113,1.4037683027201708,0.014332291235940486,1.4595174562055375,1.4568813620642873,0.0026360941412502115,-0.0414168622494262,-0.053113059344116476,0.011696197094690275,0.00010168632847792696,0.014332291235940488,3.0,0.255416790305421,0.46385025700430454,0.19811578744563457,0.26573446955867,-0.19811578744563457
Columbia,Columbia_p5,1356.377810439,1.4737781646199382,1.4723036491976071,0.001474515422331013,1.4267183038110964,1.4166062539773838,0.01011204983371261,0.047059860808841725,0.05569739522022332,-0.008637534411381598,8.928021810306855e-05,0.0014745154223311018,3.0,0.24219541349215484,0.5237739611149768,0.2967790300179639,0.22699493109701285,-0.2967790300179639
Columbia,Columbia_p9,1294.767121591,1.4118369006418447,1.4628113182798983,-0.05097441763805355,1.4638619124683567,1.4236336461715164,0.04022826629684029,-0.05202501182651198,0.039177672108381856,-0.09120268393489384,5.9068064121824886e-05,-0.05097441763805348,3.0,0.15295877472190367,0.4502789012586927,0.28028421214234295,0.16999468911634974,-0.28028421214234295
Columbia,Columbia_p8,1256.240713568,1.4567271863068323,1.3834928140990572,0.07323437220777507,1.4382013157270035,1.468081453053443,-0.02988013732643946,0.018525870579828796,-0.08458863895438573,0.10311450953421453,3.693860437432412e-05,0.07323437220777518,2.0,0.09280755743494767,0.3848583498413486,0.287470486561434,0.09738786327991461,-0.287470486561434
Columbia,Columbia_p7,1346.455740483,1.5002349793357386,1.5128607192608412,-0.01262573992510263,1.4106326086049228,1.391872979363015,0.018759629241907883,0.08960237073081578,0.1209877398978263,-0.03138536916701051,2.797398137489416e-07,-0.012625739925102747,2.0,0.0007533145561298458,0.4393977954552965,0.4817585543214806,-0.04236075886618412,-0.4817585543214806
Columbia,Columbia_p4,1308.263858564,1.394978534378523,1.4133234575703502,-0.018344923191827123,1.4740957521643094,1.452510457440732,0.02158529472357751,-0.0791172177857864,-0.03918699987038177,-0.03993021791540463,-1.3573972201594428e-05,-0.01834492319182715,2.0,-0.03551667449711169,0.2829777592202307,0.3152396284629032,-0.03226186924267249,-0.3152396284629032
Columbia,Columbia_p11,1333.463456661,1.4286105783282061,1.463107211715659,-0.03449663338745279,1.4546039772292367,1.4227646156263454,0.03183936160289136,-0.025993398901030584,0.040342596089313565,-0.06633599499034415,-8.073008833310218e-05,-0.03449663338745274,1.0,-0.2153012452908631,0.2562357137715758,0.47067105626569805,-0.21443534249412227,-0.47067105626569805
Columbia,Columbia_p12,1275.810847908,1.414002712830114,1.4249761263443168,-0.010973413514202779,1.4622000983232872,1.445357538839721,0.016842559483566166,-0.048197385493173206,-0.02038141249540426,-0.027815972997768945,-0.00010563967979994754,-0.01097341351420266,1.0,-0.2695524989166977,0.21088099006051442,0.42408554127221404,-0.21320455121169962,-0.42408554127221404
Columbia,Columbia_p1,584.500745562,1.500425802120681,1.4679194278444063,0.032506374276274785,1.4337577842170297,1.4320614309465411,0.0016963532704885598,0.0666680179036514,0.035857996897865174,0.030810021005786226,-0.0003053264366800719,0.03250637427627474,0.5,-0.35692705975880173,0.2612013437718102,0.5159592690266708,-0.2547579252548606,-0.5159592690266708
Columbia,Columbia_p6,585.27005591,1.42840043080652,1.4335262696730504,-0.005125838866530508,1.4480458274035486,1.4388831282378827,0.009162699165665922,-0.019645396597028686,-0.005356858564832256,-0.01428853803219643,-0.0003435379676128701,-0.005125838866530574,0.5,-0.4021249710239191,0.1832399324577618,0.4782894246394308,-0.295049492181669,-0.4782894246394308
Columbia,Columbia_p10,1174.746857605,1.358590567549016,1.4990463593069028,-0.1404557917578868,1.4877485735206757,1.4075705066842321,0.08017806683644357,-0.12915800597165972,0.09147585262267066,-0.22063385859433038,-0.00018254871286682117,-0.14045579175788697,1.0,-0.42889705360077385,0.164460745488229,0.5270354854425071,-0.36257473995427814,-0.5270354854425071
Denmark,Denmark_p8,677.796068042,1.8515893779458061,1.4104537412878013,0.4411356366580048,1.5991111506479885,1.6466095016573348,-0.047498351009346296,0.25247822729781766,-0.23615576036953345,0.4886339876673511,0.0006472168374585816,0.44113563665800476,3.5,0.877362055199675,0.8285287504651013,0.03246537928525585,0.7960633711798455,-0.03246537928525585
Denmark,Denmark_p10,974.204391574,1.6762396208885886,1.5776976713446178,0.09854194954397077,1.6368163988570041,1.6101056920841996,0.026710706772804516,0.03942322203158444,-0.03240802073958182,0.07183124277116626,0.00018629667996745126,0.09854194954397091,3.0,0.36298208751995314,0.5999580111190779,0.23902150790607404,0.36093650321300386,-0.23902150790607404
Denmark,Denmark_p3,964.827107424,1.6407084625000483,1.63138036637718,0.009328096122868335,1.6503775585058473,1.5897163013162796,0.06066125718956772,-0.009669096005799016,0.04166406506090037,-0.051333161066699384,0.0001311845358546066,0.009328096122868246,3.0,0.25314079253458227,0.5639566663233331,0.3022559446488275,0.2617007216745056,-0.3022559446488275
Denmark,Denmark_p5,964.594503883,1.5830486218333426,1.6162231836530327,-0.03317456181969014,1.6721416646019425,1.5954415086782399,0.0767001559237026,-0.08909304276859986,0.020781674974792885,-0.10987471774339275,8.806449202243685e-05,-0.03317456181969021,3.0,0.16989304998395696,0.49355851186493416,0.28665663240200023,0.20690187946293392,-0.28665663240200023
Denmark,Denmark_p1,1381.519177761,1.6814822677777364,1.593897526322245,0.08758474145549133,1.6259205899117295,1.6058128575659703,0.020107732345759244,0.05556167786600685,-0.011915331243725236,0.06747700910973209,-3.8153525391806855e-06,0.08758474145549122,1.5,-0.010541965405135618,0.4117736990680771,0.4292389700365881,-0.017465270968511026,-0.4292389700365881
Denmark,Denmark_p2,1249.998422114,1.6328020611004104,1.6152020388837474,0.017600022216663014,1.6559459855136338,1.5933909629164176,0.06255502259721624,-0.023143924413223438,0.021811075967329785,-0.04495500038055322,-1.697465389148433e-05,0.017600022216662924,2.0,-0.04243658116045661,0.38065399134781613,0.42474779257083267,-0.04409380122301654,-0.42474779257083267
Denmark,Denmark_p4,1316.623421795,1.6633457705121897,1.595748613628361,0.06759715688382872,1.6383944695240196,1.60435580325967,0.03403866626434948,0.02495130098817011,-0.008607189631309131,0.03355849061947924,-2.4195654658863247e-05,0.06759715688382871,1.5,-0.06371313125880707,0.39755398107706946,0.4203445916110351,-0.02279061053396564,-0.4203445916110351
Denmark,Denmark_p9,1330.499093633,1.713642655534876,1.5460363782610702,0.16760627727380584,1.6076723191909152,1.6346190995409904,-0.02694678035007514,0.1059703363439608,-0.08858272127992017,0.19455305762388098,-2.4803575155710317e-05,0.16760627727380586,1.0,-0.06600226852678656,0.3868868672758259,0.42002239603279073,-0.03313552875696485,-0.42002239603279073
Denmark,Denmark_p12,1308.82966789,1.624351932232238,1.6350485112779818,-0.010696579045743837,1.6615635379405937,1.581063181448099,0.08050035649249465,-0.0372116057083558,0.05398532982988269,-0.09119693553823849,-3.7138161066773365e-05,-0.010696579045743806,2.0,-0.0972150540300526,0.38515981926777904,0.44217107719100235,-0.05701125792322331,-0.44217107719100235
Denmark,Denmark_p6,1358.609006844,1.7105730848925906,1.5412822890555442,0.16929079583704643,1.6082235981441264,1.6387594892481288,-0.030535891104002344,0.10234948674846422,-0.09747720019258455,0.19982668694104877,-3.659950420357566e-05,0.1692907958370464,1.0,-0.09944883211432581,0.37297020295330824,0.42106780589823206,-0.04809760294492382,-0.42106780589823206
Denmark,Denmark_p11,1147.612313514,1.5109632230160333,1.7200930808729236,-0.2091298578568903,1.7138851390823377,1.54359256746668,0.1702925716156578,-0.2029219160663045,0.17650051340624362,-0.3794224294725481,-6.492549136289391e-05,-0.20912985785689042,2.5,-0.14901858669824755,0.31894270818583864,0.4819019868054039,-0.16295927861956527,-0.4819019868054039
Denmark,Denmark_p7,1404.886825502,1.5545736214158064,1.6592083843957164,-0.10463476297991003,1.7096011899545172,1.5625641407078759,0.1470370492466413,-0.1550275685387108,0.09664424368784053,-0.25167181222655133,-0.0001924687778205647,-0.10463476297991003,0.5,-0.5407937005614953,0.12292876474547677,0.6205740805904757,-0.49764531584499894,-0.6205740805904757
France,France_p10,1124.675662782,1.733833197009417,1.2812582753284973,0.4525749216809196,1.5652232404738107,1.5361453140318873,0.02907792644192342,0.1686099565356063,-0.2548870387033899,0.4234969952389962,0.0003038224865948857,0.4525749216809196,3.0,0.6834035129597771,0.6477138129388735,0.013624082264339378,0.6340897306745341,-0.013624082264339378
France,France_p11,1037.220435887,1.638995859685517,1.4268905131379794,0.21210534654753754,1.610563136627095,1.46666264731671,0.14390048931038502,0.028432723058422038,-0.03977213417873049,0.06820485723715253,0.00025619197998406115,0.2121053465475375,3.5,0.5314551142996657,0.653187394349816,0.06712967877551801,0.586057715574298,-0.06712967877551801
France,France_p2,1029.975078975,1.5213960337364967,1.5738244867178437,-0.05242845298134702,1.6590562168619827,1.4060611348880885,0.2529950819738942,-0.137660183125486,0.16776335182975521,-0.3054235349552412,0.0001688774259834059,-0.052428452981347046,3.5,0.34787908032864906,0.5315747336819143,0.21531808340647746,0.31625665027543687,-0.21531808340647746
France,France_p9,1210.40996471,1.6985980452437812,1.4367033077232176,0.2618947375205636,1.5773672113966373,1.4645135223234753,0.11285368907316196,0.12123083384714395,-0.027810214600257677,0.14904104844740163,0.00012039104806206584,0.2618947375205635,2.5,0.29144504847275776,0.6011735310151418,0.24207660988429058,0.35909692113085123,-0.24207660988429058
France,France_p5,1201.808606223,1.6550056221106257,1.4245196707156316,0.23048595139499417,1.600297730877321,1.470694642991842,0.12960308788547903,0.05470789123330477,-0.04617497227621037,0.10088286350951514,7.0210237581183e-05,0.23048595139499412,2.0,0.16875853553977305,0.48549688578702654,0.2781622248219487,0.20733466096507785,-0.2781622248219487
France,France_p1,1254.613701832,1.6746190456330086,1.4251398636800663,0.24947918195294227,1.588224186156314,1.4714236239452054,0.11680056221110857,0.08639485947669456,-0.04628376026513914,0.1326786197418337,4.5643157250110316e-05,0.24947918195294227,2.0,0.11452906096120481,0.467517781765859,0.3373518310627437,0.13016595070311532,-0.3373518310627437
France,France_p3,1157.574886489,1.794268365910802,1.290629243462079,0.5036391224487231,1.5334238082533367,1.535108426554082,-0.0016846183007452886,0.2608445576574654,-0.244479183092003,0.5053237407494684,1.7992117527165923e-05,0.503639122448723,0.5,0.041654446808557545,0.4351710765606167,0.382907445390951,0.0522636311696657,-0.382907445390951
France,France_p8,1204.631757865,1.6220724609345554,1.4228414524267288,0.1992310085078266,1.617277374429584,1.4716192899631577,0.14565808446642636,0.004795086504971291,-0.04877783753642895,0.05357292404140024,-1.1144537847818344e-05,0.19923100850782666,1.5,-0.026850128437536876,0.35849705713694274,0.3790005588684768,-0.020503501731534035,-0.3790005588684768
France,France_p4,1183.364533188,1.5075658852085756,1.499960451931178,0.0076054332773976,1.6750151547825334,1.432321042371236,0.24269411241129735,-0.16744926957395778,0.06763940955994197,-0.23508867913389975,-5.318197640585581e-05,0.0076054332773975225,2.0,-0.12586732936709244,0.28192109975673585,0.3917857990010536,-0.10986469924431774,-0.3917857990010536
France,France_p6,1205.683575259,1.589969407676635,1.4464823406301783,0.14348706704645675,1.6339135809496652,1.4593887417322056,0.17452483921745965,-0.04394417327303013,-0.012906401102027232,-0.031037772171002898,-0.00016479952885378504,0.1434870670464569,0.5,-0.3973921702991648,0.18578162661680536,0.5686978994184682,-0.3829162728016628,-0.5686978994184682
France,France_p7,1298.643133616,1.5623999753884363,1.5562396994874468,0.006160275900989554,1.651773639715305,1.3961046919577993,0.2556689477575058,-0.08937366432686877,0.1601350075296475,-0.24950867185651626,-0.00015779229971160132,0.006160275900989396,1.0,-0.40983177311614877,0.2375320897446139,0.6247266782920844,-0.38719458854747046,-0.6247266782920844
France,France_p12,1219.398663246,1.4334934527046963,1.662294753222208,-0.2288013005175118,1.716681529528755,1.34567076067846,0.37101076885029505,-0.28318807682405867,0.3166239925437482,-0.5998120693678068,-0.0002874769794184787,-0.2288013005175116,1.0,-0.7010980888337262,0.052415806051536305,0.7546873119978964,-0.7022715059463601,-0.7546873119978964
Great.Britain,Great.Britain_p2,634.142717741,1.7519715498077528,1.3987387620877378,0.353232787720015,1.5954640843761616,1.4621930719320488,0.13327101244411277,0.15650746543159122,-0.063454309844311,0.21996177527590222,0.0005016207967081664,0.35323278772001493,3.5,0.6361983505998752,0.7599960098096731,-0.022248197367545953,0.782244207177219,0.022248197367545953
Great.Britain,Great.Britain_p11,1193.026125873,1.6873058823644638,1.3654353116600653,0.3218705707043985,1.5910625023007587,1.4942597180546393,0.09680278424611943,0.09624338006370503,-0.12882440639457404,0.22506778645827907,0.00012917564157842383,0.32187057070439845,2.0,0.3082198304592408,0.5054800983812252,0.2233393647491113,0.2821407336321139,-0.2233393647491113
Great.Britain,Great.Britain_p6,868.384303711,1.6064316156320793,1.5027908662364613,0.10364074939561796,1.629073430323272,1.4339142541452021,0.19515917617806977,-0.02264181469119264,0.06887661209125917,-0.09151842678245181,0.00015105224676596144,0.10364074939561801,3.0,0.2623428002632893,0.5442389325581647,0.18644643100509778,0.3577925015530669,-0.18644643100509778
Great.Britain,Great.Britain_p8,1003.06988809,1.5841368770681588,1.5293052041677504,0.05483167290040836,1.6390984431786495,1.4197630077015546,0.2193354354770949,-0.054961566110490745,0.10954219646619578,-0.16450376257668653,0.00010053449870136153,0.05483167290040827,3.0,0.20168625672309318,0.5109343952348341,0.22422159865535501,0.28671279657947907,-0.22422159865535501
Great.Britain,Great.Britain_p3,1209.320091795,1.6811099177078979,1.3941718255068942,0.28693809220100364,1.59360674127984,1.4802377895962298,0.11336895168361028,0.08750317642805783,-0.08606596408933553,0.17356914051739336,7.560635115694209e-05,0.2869380922010037,2.0,0.18286455904247967,0.49306941271026566,0.2711304757531879,0.22193893695707778,-0.2711304757531879
Great.Britain,Great.Britain_p7,1121.042501687,1.6101084457402348,1.459355909823282,0.1507525359169528,1.6297349054535435,1.4468603616072713,0.18287454384627222,-0.019626459713308675,0.012495548216010732,-0.03212200792931941,7.554907221883782e-05,0.15075253591695273,2.5,0.16938744184053395,0.4838629810805788,0.2518877075436389,0.23197527353693992,-0.2518877075436389
Great.Britain,Great.Britain_p4,1226.739447217,1.657238629288473,1.432251978189792,0.2249866510986811,1.605617330997131,1.460674780233445,0.14494255076368612,0.05162129829134199,-0.028422802043652995,0.08004410033499498,5.7271328314401715e-05,0.22498665109868105,2.0,0.14051399527591413,0.45533822889443387,0.33635158934298237,0.1189866395514515,-0.33635158934298237
Great.Britain,Great.Britain_p1,1068.915308346,1.5670090856794192,1.485618166005324,0.08139091967409517,1.647979112969428,1.4357547199500176,0.21222439301941032,-0.08097002729000868,0.04986344605530646,-0.13083347334531514,4.675671745249837e-05,0.0813909196740952,2.5,0.09995794210574971,0.42700735899071307,0.2815840028002327,0.14542335619048036,-0.2815840028002327
Great.Britain,Great.Britain_p9,1207.504068072,1.598338300492516,1.3987530515709117,0.19958524892160434,1.6365615351420384,1.4777970443180861,0.15876449082395228,-0.038223234649522375,-0.07904399274717444,0.040820758097652066,2.6005262550377217e-05,0.19958524892160434,2.0,0.06280292064182412,0.3822160462499322,0.2748804551139011,0.10733559113603114,-0.2748804551139011
Great.Britain,Great.Britain_p10,1615.882915112,1.629449742537504,1.407280180224187,0.22216956231331708,1.6185278329075654,1.487422396105024,0.1311054368025415,0.010921909629938664,-0.08014221588083692,0.09106412551077558,-4.785423344006774e-05,0.2221695623133171,1.0,-0.15465367646355216,0.30803580052269763,0.5130378898199194,-0.20500208929722175,-0.5130378898199194
Great.Britain,Great.Britain_p5,1368.748878103,1.5379008039205833,1.4933345573461625,0.044566246574420765,1.677537452102841,1.4239937316696003,0.2535437204332407,-0.13963664818225774,0.06934082567656219,-0.20897747385881993,-0.00011326476069807176,0.0445662465744207,1.5,-0.3100620282678694,0.22966529616975506,0.512135453074365,-0.28247015690460997,-0.512135453074365
Great.Britain,Great.Britain_p12,1635.223754257,1.6230194755248668,1.5306773727350194,0.09234210278984745,1.6239429133675076,1.3821908939017946,0.241752019465713,-0.0009234378426408174,0.14848647883322474,-0.14940991667586556,-0.00017648514617231908,0.09234210278984736,0.0,-0.5771854065887119,0.1499623994053185,0.7993400841513599,-0.6493776847460414,-0.7993400841513599
Japan,Japan_p12,1107.150621246,1.9581798161844575,1.1461855104880427,0.8119943056964147,1.6549481527228158,1.3295671179612156,0.3253810347616002,0.30323166346164165,-0.1833816074731729,0.48661327093481455,0.0002945678639960827,0.8119943056964148,2.5,0.6522619872445595,0.7390685890725998,0.12382949812678763,0.6152390909458121,-0.12382949812678763
Japan,Japan_p11,663.502625641,1.7437760685306098,1.219286810234454,0.5244892582961558,1.7514396369711418,1.2842961032248579,0.4671435337462839,-0.007663568440531954,-0.06500929299040381,0.05734572454987186,0.00031455565455335433,0.5244892582961558,3.5,0.41741700541286914,0.5809301562374943,0.1492182728094366,0.4317118834280578,-0.1492182728094366
Japan,Japan_p7,1293.429737862,1.851666101290405,1.1225967344775232,0.7290693668128818,1.6912580605730418,1.3584563555738565,0.3328017049991854,0.16040804071736314,-0.2358596210963333,0.39626766181369644,0.00015032437032007465,0.7290693668128818,2.0,0.3888680217942003,0.5704746810086633,0.12238785106578222,0.44808682994288107,-0.12238785106578222
Japan,Japan_p9,716.72468795,1.6924211212389841,1.3617502179136427,0.33067090332534144,1.7646586743171664,1.2492561508803288,0.5154025234368376,-0.07223755307818225,0.11249406703331388,-0.18473162011149613,0.0002090054946549148,0.3306709033253415,3.5,0.2995987958728296,0.5392190453061828,0.2723911462374443,0.2668278990687385,-0.2723911462374443
Japan,Japan_p6,950.34400298,1.7625196715586053,1.2847979217749594,0.4777217497836459,1.7453913322306558,1.2674035594892823,0.4779877727413735,0.01712833932794955,0.017394362285677145,-0.0002660229577275963,0.00012667178278144662,0.4777217497836459,3.0,0.24076353822714286,0.5473951222458224,0.26292024407789855,0.2844748781679239,-0.26292024407789855
Japan,Japan_p8,1328.910832622,1.7826628708608372,1.2175384234076971,0.56512444745314,1.7302976458900394,1.304985763886113,0.42531188200392633,0.052365224970797764,-0.08744734047841596,0.13981256544921372,6.572058075868026e-05,0.56512444745314,1.5,0.1746735833926975,0.4345674299385832,0.2808009025386868,0.15376652739989644,-0.2808009025386868
Japan,Japan_p1,1553.538661229,1.8280845342807783,1.181174338170855,0.6469101961099233,1.688686018032273,1.3434682537952054,0.3452177642370675,0.1393985162485054,-0.16229391562435036,0.30169243187285577,5.221045779450558e-05,0.6469101961099233,1.0,0.1622219294093107,0.47259008138187886,0.2560746847607112,0.21651539662116764,-0.2560746847607112
Japan,Japan_p10,1366.644586655,1.7934436092115718,1.252703165634521,0.5407404435770506,1.7225809569238184,1.284315721502718,0.4382652354211003,0.07086265228775335,-0.031612555868197,0.10247520815595035,3.5948820851451e-05,0.5407404435770509,1.5,0.09825852282682045,0.4693550070098697,0.32385013636700627,0.14550487064286344,-0.32385013636700627
Japan,Japan_p2,859.705515584,1.7098878317669344,1.3516256193967195,0.3582622123702148,1.762904510514505,1.2464943588460657,0.5164101516684392,-0.053016678747570545,0.1051312605506538,-0.15814793929822435,3.894991956967576e-05,0.35826221237021477,3.0,0.06697092137133345,0.4839555839707794,0.33836147015394985,0.14559411381682957,-0.33836147015394985
Japan,Japan_p3,1393.18622201,1.6207452846772359,1.350860330275712,0.2698849544015238,1.8341942811340644,1.220770142248545,0.6134241388855193,-0.21344899645682847,0.130090188027167,-0.34353918448399545,-8.976885811338422e-05,0.26988495440152377,1.5,-0.25012947257745005,0.22800389826269554,0.45880807392440365,-0.2308041756617081,-0.45880807392440365
Japan,Japan_p4,1616.517482911,1.6962390008069992,1.375178445949657,0.3210605548573422,1.7953700800288808,1.1850799888530268,0.610290091175854,-0.09913107922188158,0.1900984570966302,-0.2892295363185118,-0.00010498550644705408,0.3210605548573423,0.5,-0.33942181324701215,0.2529387201112676,0.5366706004816384,-0.2837318803703708,-0.5366706004816384
Japan,Japan_p5,1278.34502331,1.5535711907084986,1.418239964126137,0.13533122658236163,1.8614206892313672,1.1891793676138411,0.672241321617526,-0.3078494985228686,0.22906059651229582,-0.5369100950351644,-0.00013954991671548885,0.13533122658236166,2.0,-0.35678588307261516,0.18433233679244354,0.5017357165114693,-0.31740337971902577,-0.5017357165114693
Poland,Poland_p1,900.105979125,1.6098104374426934,1.3109567399464308,0.29885369749626256,1.4989229926270655,1.4962693606219089,0.0026536320051566697,0.11088744481562784,-0.18531262067547805,0.2962000654911059,0.00017720712583650918,0.2988536974962626,3.0,0.31901038701723444,0.5320282912590442,0.14405916333886823,0.3879691279201759,-0.14405916333886823
Poland,Poland_p9,985.79859244,1.650438550508507,1.3866929923448856,0.26374555816362144,1.4795070595987783,1.473237961888614,0.006269097710164262,0.1709314909097288,-0.08654496954372837,0.2574764604534572,0.00015716195487490165,0.2637455581636213,3.0,0.309860067800845,0.591579625947243,0.21481534065126337,0.3767642852959796,-0.21481534065126337
Poland,Poland_p3,1250.857611428,1.5717216588349985,1.3854494581694061,0.18627220066559236,1.502748590195528,1.4839478368122263,0.01880075338330167,0.0689730686394705,-0.09849837864282018,0.1674714472822907,0.00011460734960518825,0.18627220066559239,2.0,0.2867149511577375,0.48921453465572184,0.21722548025057373,0.2719890544051481,-0.21722548025057373
Poland,Poland_p5,995.67100064,1.487439123011556,1.4281826015681516,0.05925652144340443,1.542679960379007,1.4573251538001581,0.08535480657884875,-0.05524083736745089,-0.02914255223200657,-0.02609828513544432,2.8926455308284677e-05,0.05925652144340433,3.0,0.057602465403335634,0.3864733463192279,0.2726184898373618,0.1138548564818661,-0.2726184898373618
Poland,Poland_p12,1337.433464275,1.5671807652399412,1.3959572942285163,0.17122347101142488,1.5027948241126368,1.4814366878159042,0.021358136296732555,0.06438594112730445,-0.08547939358738788,0.14986533471469232,7.87737652332219e-06,0.17122347101142488,1.5,0.021070933945924488,0.38096139436944315,0.3617554840719848,0.01920591029745833,-0.3617554840719848
Poland,Poland_p11,1090.873008785,1.512550028016321,1.4740487545759056,0.03850127344041554,1.5336351621620177,1.4380128259121077,0.09562233624991001,-0.02108513414569657,0.0360359286637979,-0.05712106280949447,6.297229601085018e-06,0.03850127344041544,2.0,0.013738955603926628,0.4042677856380414,0.33809851745708974,0.06616926818095165,-0.33809851745708974
Poland,Poland_p4,1462.271682124,1.5400694874490712,1.3937218540946745,0.1463476333543967,1.5180213965704883,1.488152362426607,0.0298690341438812,0.02204809087858295,-0.09443050833193256,0.11647859921051551,-5.645420654494936e-06,0.14634763335439663,0.5,-0.016510277513531794,0.33138340878748207,0.36962618417274734,-0.03824277538526527,-0.36962618417274734
Poland,Poland_p2,957.413459341,1.4831627716800684,1.5573209102640717,-0.07415813858400333,1.5434475601759725,1.4089820057242872,0.1344655544516853,-0.06028478849590413,0.1483389045397845,-0.20862369303568862,-3.6490766741250214e-05,-0.07415813858400341,3.0,-0.06987350243961342,0.39549803062982186,0.4162807550874003,-0.02078272445757845,-0.4162807550874003
Poland,Poland_p6,1477.375868116,1.5378618596886462,1.4546061340100795,0.08325572567856665,1.5194425570181054,1.4451932081762753,0.0742493488418301,0.018419302670540816,0.009412925833804264,0.009006376836736552,-2.4496713967328157e-05,0.08325572567856668,0.5,-0.07238170812729292,0.3347628009948184,0.43200035735305975,-0.09723755635824133,-0.43200035735305975
Poland,Poland_p7,980.049546546,1.4152345714440868,1.5417587869156564,-0.12652421547156956,1.5700069540363206,1.4136317594111891,0.1563751946251315,-0.1547723825922338,0.12812702750446725,-0.28289941009670105,-6.975895348723497e-05,-0.12652421547156942,3.0,-0.13673446146535573,0.3079953631892889,0.39685154374122006,-0.08885618055193117,-0.39685154374122006
Poland,Poland_p8,1315.45361219,1.5036638173101187,1.504424011353248,-0.0007601940431294363,1.5410252036979653,1.4163933843039984,0.12463181939396684,-0.037361386387846585,0.08803062704924969,-0.12539201343709627,-9.134533615505469e-05,-0.0007601940431294857,1.5,-0.24032110480341934,0.30600538475920525,0.4947755706344713,-0.18877018587526606,-0.4947755706344713
Poland,Poland_p10,1398.696174982,1.4542114551976777,1.546440205306085,-0.09222875010840736,1.5748113758338198,1.3854974526480979,0.18931392318572193,-0.12059992063614211,0.1609427526579872,-0.2815426732941293,-0.00010816989326143543,-0.0922287501084073,1.5,-0.302593631906528,0.23616819089303126,0.5516919200976897,-0.3155237292046585,-0.5516919200976897
Sweden,Sweden_p9,548.151145601,1.4594514787027757,1.8699222070879313,-0.41047072838515564,1.3664226087194142,1.8980143977591861,-0.5315917890397719,0.09302886998336146,-0.02809219067125479,0.12112106065461625,0.0001995526294156479,-0.41047072838515564,3.5,0.21877000484367085,0.6857940433207848,0.3903659249721672,0.29542811834861754,-0.3903659249721672
Sweden,Sweden_p4,530.302991595,1.429371532904524,1.863085850276609,-0.433714317372085,1.3723016675137054,1.8990572090696838,-0.5267555415559784,0.0570698653908186,-0.03597135879307478,0.09304122418389338,0.00014239117585656646,-0.4337143173720851,3.5,0.1510209330667813,0.6616071363332646,0.3780924957206713,0.28351464061259335,-0.3780924957206713
Sweden,Sweden_p1,889.620197911,1.433195877290046,1.8951907836164843,-0.46199490632643836,1.3632330202014924,1.893126322711644,-0.5298933025101515,0.06996285708855354,0.0020644609048403595,0.06789839618371318,7.477173250580602e-05,-0.46199490632643836,3.0,0.13303688693986365,0.6023638367502596,0.4279760305243147,0.1743878062259449,-0.4279760305243147
Sweden,Sweden_p11,908.690012903,1.378908078891535,1.816901227653571,-0.4379931487620359,1.3815711619282443,1.9202922178792465,-0.5387210559510023,-0.0026630830367091463,-0.10339099022567555,0.1007279071889664,5.9299071019507105e-05,-0.4379931487620359,3.0,0.107768947220101,0.4998377005021702,0.35291883247384137,0.14691886802832882,-0.35291883247384137
Sweden,Sweden_p10,1309.839815298,1.4612473812796325,1.8559521336942457,-0.3947047524146132,1.333387369919449,1.9159264882158984,-0.5825391182964494,0.12786001136018355,-0.05997435452165267,0.18783436588183622,1.7282045637206045e-05,-0.39470475241461334,2.0,0.045273422931046185,0.46769249113775985,0.4360617549052049,0.03163073623255497,-0.4360617549052049
Sweden,Sweden_p2,1026.245576155,1.4012240670383267,1.8855136089841185,-0.48428954194579177,1.3725348247299443,1.896986341844767,-0.5244515171148227,0.028689242308382434,-0.011472732860648538,0.04016197516903097,-7.806556860548636e-06,-0.48428954194579166,2.5,-0.01602288888667308,0.4482688340216079,0.4477483877738447,0.0005204462477632066,-0.4477483877738447
Sweden,Sweden_p7,1449.76770157,1.4623032349970162,1.778905680687408,-0.31660244569039175,1.3240329620528164,1.9737675803901207,-0.6497346183373043,0.1382702729441998,-0.19486189970271273,0.3331321726469125,-1.8560760764015086e-05,-0.31660244569039175,1.0,-0.053817582944735896,0.2923251572305391,0.33884661432886193,-0.04652145709832284,-0.33884661432886193
Sweden,Sweden_p3,1390.906310515,1.3847086503524992,1.8894155416024756,-0.5047068912499764,1.3783938449604394,1.8964039001851238,-0.5180100552246845,0.0063148053920598635,-0.006988358582648235,0.013303163974708099,-2.4218665842463936e-05,-0.5047068912499764,2.0,-0.06737179030529422,0.3970408450825616,0.45585140518423045,-0.05881056010166885,-0.45585140518423045
Sweden,Sweden_p12,1184.608565698,1.4038392496513143,1.9263747250176184,-0.5225354753663041,1.3692712602562975,1.8770889547181622,-0.5078176944618646,0.03456798939501682,0.049285770299456244,-0.014717780904439426,-6.497103020111895e-05,-0.5225354753663041,2.0,-0.15393047779679375,0.390300316591838,0.5343752889208857,-0.1440749723290477,-0.5343752889208857
Sweden,Sweden_p8,1031.313180786,1.2139862297171524,1.9877570055272862,-0.7737707758101338,1.449881392783246,1.8547418314647717,-0.40486043868152577,-0.23589516306609348,0.1330151740625145,-0.368910337128608,-0.00012421480618291593,-0.7737707758101339,3.0,-0.2562087337301925,0.326527809954571,0.5384160525446867,-0.21188824259011574,-0.5384160525446867
Sweden,Sweden_p6,1294.432132672,1.3048192774027656,1.9692032789222318,-0.6643840015194662,1.4250070753203752,1.8498205053215435,-0.42481343000116834,-0.12018779791760958,0.11938277360068827,-0.23957057151829786,-0.00011670397734800335,-0.6643840015194662,2.0,-0.3021307565803861,0.2594114764204418,0.5862330296208482,-0.3268215532004064,-0.5862330296208482
Sweden,Sweden_p5,2540.122369296,1.3337940096716643,1.9306156503629992,-0.5968216406913349,1.502214832628306,1.7983976355502949,-0.29618280292198884,-0.16842082295664174,0.13221801481270434,-0.3006388377693461,-0.00010454562729836153,-0.596821640691335,0.0,-0.5311173730239795,-0.012865757260411611,0.5734430649087469,-0.5863088221691585,-0.5734430649087469
USA,USA_p7,1365.531145236,1.8307894394953064,1.249330713511597,0.5814587259837094,1.6653792495293247,1.4547768152503244,0.21060243427900027,0.16541018996598167,-0.20544610173872746,0.37085629170470913,0.0001402165831745391,0.5814587259837093,1.5,0.38294022280749623,0.5686084324852531,0.20178479818771294,0.3668236342975401,-0.20178479818771294
USA,USA_p8,1189.860929857,1.8573599187474812,1.274938912552004,0.5824210061954771,1.664284481034929,1.4262849513396048,0.23799952969532434,0.1930754377125521,-0.15134603878760067,0.34442147650015276,0.00015909872764128424,0.5824210061954772,2.5,0.37861072002094753,0.6224748414683262,0.201718510672836,0.42075633079549024,-0.201718510672836
USA,USA_p1,1155.774143032,1.7607246296940706,1.3315750393607737,0.4291495903332969,1.714182632863147,1.3964913893125812,0.3176912435505659,0.04654199683092353,-0.0649163499518075,0.11145834678273103,0.00013792002975230805,0.4291495903332968,3.0,0.31880880838816494,0.5561170831551278,0.20052628033226227,0.3555908028228655,-0.20052628033226227
USA,USA_p3,888.478356576,1.7119156462759533,1.391142497565469,0.32077314871048435,1.7353412099533077,1.3698465788860172,0.3654946310672904,-0.023425563677354377,0.021295918679451686,-0.044721482356806064,0.00017285387777445744,0.32077314871048435,3.5,0.3071538585059011,0.5710481649454487,0.20109577808509363,0.36995238686035514,-0.20109577808509363
USA,USA_p11,899.800906325,1.7159351464826387,1.4392072634035085,0.2767278830791302,1.7340650261228934,1.353286583847335,0.38077844227555846,-0.018129879640254698,0.08592067955617355,-0.10405055919642825,0.000164094194605961,0.2767278830791302,3.5,0.2953042100584803,0.6084823859284059,0.21717006520247042,0.39131232072593547,-0.21717006520247042
USA,USA_p12,1047.107687326,1.7314360518447345,1.3532514536480909,0.37818459819664363,1.7285946541805466,1.3844893472923303,0.3441053068882163,0.0028413976641878946,-0.031237893644239456,0.03407929130842735,0.00012646303721588058,0.37818459819664363,3.0,0.264840836862617,0.5319776328209332,0.22932653331334024,0.302651099507593,-0.22932653331334024
USA,USA_p9,1350.456526311,1.7919866007168987,1.329180143920179,0.46280645679671983,1.690612044511965,1.4037871625719254,0.28682488194003963,0.10137455620493374,-0.07460701865174646,0.1759815748566802,3.518817238346441e-05,0.46280645679671967,1.0,0.0950401940888569,0.44457100272558714,0.34483884741148363,0.09973215531410351,-0.34483884741148363
USA,USA_p2,1067.953324547,1.5955753503766614,1.4981928172550814,0.09738253312158007,1.7875982762479394,1.3217812470481465,0.46581702919979295,-0.192022925871278,0.17641157020693488,-0.3684344960782129,1.2662902129715082e-05,0.09738253312158028,3.0,0.027046776855712502,0.3942662178425636,0.35881317579812305,0.03545304204444055,-0.35881317579812305
USA,USA_p6,1371.41054304,1.7500230052774204,1.2702250313305277,0.4797979739468927,1.7163362551654504,1.4420380597076945,0.2742981954577559,0.033686750111969976,-0.17181302837716683,0.2054997784891368,-1.5652833202562617e-05,0.4797979739468928,0.5,-0.04293292096508783,0.3040678366884353,0.35961303807508715,-0.055545201386651866,-0.35961303807508715
USA,USA_p5,1039.289767992,1.6569007537975253,1.3922969748809635,0.26460377891656184,1.7597546926259826,1.3680725466895778,0.3916821459364048,-0.10285393882845728,0.024224428191385705,-0.12707836701984299,-0.00010284287257826237,0.26460377891656184,2.0,-0.21376709036313296,0.27190978248763276,0.42754773790330575,-0.155637955415673,-0.42754773790330575
USA,USA_p10,1306.934827063,1.7024567361175273,1.4843892440755069,0.21806749204202047,1.7453295411108989,1.3109123767342123,0.43441716437668654,-0.04287280499337154,0.17347686734129453,-0.21634967233466607,-9.527759408759279e-05,0.21806749204202033,1.0,-0.24904321190353518,0.32810007384125506,0.5671307448455455,-0.23903067100429043,-0.5671307448455455
USA,USA_p4,1421.401842747,1.6167138179298313,1.5210336267903808,0.09568019113945048,1.8055703350688237,1.2767282869289287,0.528842048139895,-0.18885651713899243,0.2443053398614521,-0.4331618570004445,-0.00019157987643927865,0.09568019113945041,0.0,-0.5446239788079563,0.1231637624007242,0.6745877054993832,-0.5514239430986589,-0.6745877054993832
